user_id,user_name,user_fans
37cpUoM8hlkSQfReIEBd-Q,Mike,12497
hizGc5W1tBHPghM5YKCAtg,Katie,3642
Hi10sGSZNxQH3NLyWSZ1oA,Fox,3493
JjXuiru1_ONzDkYVrHN0aw,Richard,3243
j14WgRoU_-2ZE1aw1dXrJg,Daniel,3138
VHdY6oG2JPVNjihWhOooAQ,Jessica,2627
iLjMdZi0Tm7DQxX1C1_2dg,Ruggy,2547
lt7bNHl-TXziny4FETu8nA,Megan,2451
fgwI3rYHOv1ipfVfCSx7pg,Emi,2424
ITa3vh5ERI90G_WP4SmGUQ,Peter,2388
UsXqCXRZwSCSw0AT7y1uBg,Carl,2290
m07sy7eLtOjVdZ8oN9JKag,Ed,2251
CdeyZZ6ZGhvs7YCzVheeRg,Emma,2172
nkN_do3fJ9xekchVC-v68A,Jeremy,2107
AHRrG3T1gJpHvtpZ-K0G_g,Brittany,2086
3zxy3LVBV3ttxoYbY4rQ8A,Farrah,2073
ysCBsXWPB-LAiewVS3jZfQ,Jando,2018
NfU0zDaTMEQ4-X9dbQWd9A,Cara,1949
peuxbSQwXed-81cSqL7Ykw,Brittany,1927
djxnI8Ux8ZYQJhiOQkrRhA,Abby,1806
wEE-YMx5pmSuagLtNxMPKA,Stephanie,1761
WwulXySQN8t2hwqH_yWurA,Niki,1746
zFYs8gSUYDvXkb6O7YkRkw,Joyce,1662
JADdo9NEeO5Az9aOYbyvZA,Manda Bear,1648
58yXn5Y4409kc9q88YwU6w,Kimi,1620
G9Vb6yQ047TC3O_-GG4WZA,Connie,1585
GFyA9ULGAeD-xZEPto2y7A,Helina,1570
AbMjnKOwg736fcIu8apuyQ,Michael,1563
o5STsEtfvD1Ig0J7Z-1uxA,Alex,1532
giJqvuH8EC62Hi5WboZ08w,Dawne,1493
8k3aO-mPeyhbR5HUucA5aA,Victor,1462
hdzTAN8DGJKRddkZ8279JQ,Andi,1451
3mNz5nQFTIBQm0oU5mBR0w,Michelangelo,1435
23J4vG9_xxxdnmi8CBX7Ng,Joan,1425
IU86PZPgTDCFwJEuAg2j7g,Danny,1409
IDVFG1pNSHIHoVuoLuZpcQ,Andy,1377
B7ecAeAIrXg7sgmabS38pg,Stephy,1375
QnIrewrXxFnssw_gG1gF-Q,Sarah,1366
q_QQ5kBBwlCcbL1s4NVK3g,Jane,1357
ET8n-r7glWYqZhuR6GcdNw,Michelle,1353
pnTiEaqM4slogpY97n9Kvg,Jonathan,1320
I2XEhv9zBeAJcwYIrnMf1g,Matt,1312
cufhYFdyrUAt4SWe-m0grQ,John,1309
i_DR3vdE73nVm2GlMbGpGA,Nate,1295
SQXsow-nuLYYQnTcsIedIA,Diandra,1284
nxWrhF_hyX0wwjrEkQX8uQ,Ryan,1260
vHc-UrI9yfL_pnnc6nJtyQ,Michael,1251
U4INQZOPSUaj8hMjLlZ3KA,Michael,1238
NNL1zLTP2J_SOputgoPYeQ,Alex,1219
aIJ-2R1q5G7oqzBSgK_Vvw,Brad,1212
oazuTtSyKV6zrhbsgbdbUQ,Elle,1202
gjhzKWsqCIrpEd9pevbKZw,Miriam,1201
hcJzh-FFDEfYKGpyM0TpZA,Kara,1195
W7DHyQlY_kXls2iXt-_2Ag,Maggie,1179
mvK1pv-x0Z5rP4Hz9cWBWw,Betty,1165
6s-g2vFu12OemhiK3FJuOQ,Dave,1139
2qKOL7C7WbG_M3EOWvTFxA,Blue,1127
mgytZAasaiBf-END4aZD9w,Cat,1127
ZIOCmdFaMIF56FR-nWr_2A,Randy,1124
Ve0LUwcrzxL7w0RYgY4Aaw,Katy,1118
rcU7ysY41qGppbw4pQgjqg,Damien,1106
5MCBLBxr10NLUKZ4AboAMg,Colleen,1102
jt49xjEjQisu6wTTGn6B3A,Annette,1091
2jCrH48LDG4c3ja4CLh0qg,Tomas,1084
f1MFQxTZAWJnRQdrouLg_A,Matt,1082
9HGR8sU_zm15sI109H-SGQ,Trish,1079
dIIKEfOgo0KqUfGQvGikPg,Gabi,1062
QiciohgD8N6vCty4vGL3pQ,Emily,1055
chhv5egoLSXHs4my1HCJeg,Margaret,1054
yh8_9Ix1wp9dekvyOZbilQ,Christina,1053
84t6jpyclA55TMfMV0X0kA,Sara,1028
Kf5PVQUdDvQYf-MXoeWqZA,Marianne,1021
w-w-k-QXosIKQ8HQVwU6IQ,Anthony,1021
KQTO4Mie3xWlSUH6B7F4gg,Hayley,1010
NrSURtBigpxbdfL4nGB-Jg,Missy,1003
om5ZiponkpRqUNa3pVPiRg,Andrea,1002
bsMGQruRQGgQZK4KA9Q4Aw,Cassie,999
l3S1srqK1CvjB_S4r-ZBeg,Latifa,998
WWnhqRnWWjutMqh-2SzEuQ,Steph,991
50V3UxV1yeHnnXKQWKD0pA,Adam,971
lYp818T-xh8Ss79To5Azhw,Howie,969
Pf7FI0OukC_CEcCz0ZxoUw,Don,963
0G-QF457q_0Z_jKqh6xWiA,Joi,944
kPgNVSxXnhkyWBkqTcW45g,Juliet,937
7IV3JXTXufasWNSkDEdrcQ,Benjamin,934
nmdkHL2JKFx55T3nq5VziA,Nijole,921
1vXJWH7L0IMEz5-8aU3SOA,Hazel,918
To7EBxWC-Yz011V2-tdTvA,Lou,918
pou3BbKsIozfH50rxmnMew,Brett,914
1kpMAKRZuAz3OzxBav3XTg,Ligaya,896
bLbSNkLggFnqwNNzzq-Ijw,Stefany,896
qI3uzegMdq3q3WxAajECGw,Tara,894
YcmtCs2XKvWU0dv1L4tenw,Mike,882
--2vR0DIsmQ6WfcSzKWigw,Harald,880
hWDybu_KvYLSdEFzGrniTw,Bruce,867
e6iCOIhtupBCiw-VwBvJ4A,Hailey,861
MN6vTCeRKWU44M7xwhQc7w,Ophelia,857
DS0Idr2XDhz5e7ZfSy0dYA,Ken,855
Ggx8iUdJ7lsQSqXRuclXtg,Nadine,850
Jd17L6-fmSZzzF-0Fhjhxg,Carolen,848
8DEyKVyplnOcSKx39vatbg,Philip,847
NRGJ4IvauajqqCbhT640cw,Drew,847
59GSwMflQFllOAWvw0F5mw,Dana,844
c8FOqDRhtL7q_YsQio6bog,Kevin,843
YttDgOC9AlM4HcAlDsbB2A,Phil,841
u3ZPMVVEzneq8x856WksJQ,Lauren,839
LNzUe8fwKeS5HRaxtb55gw,Shayla,838
rN4RItq4xONM-cjgSfbvDQ,Kendall,831
0H2ggT37lK8hsbH8aGR1Ug,Dean,830
CxDOIDnH8gp9KXzpBHJYXw,Jennifer,828
MGPQVLsODMm9ZtYQW-g_OA,Jelena,828
4Y81J2Tdq5XAnkeYmCZ2ow,Nique,827
P5bUL3Engv-2z6kKohB6qQ,Kim,825
6JehEvdoCvZPJ_XIxnzIIw,Heather,825
6ObFF8-uKnOAlXuSH4TlyQ,Isabella,824
-8EnCioUmDygAbsYZmTeRQ,Mimi,820
ACUVZ4SiN0gni7dzVDm9EQ,Tiffany,810
lvthTfCQGD0qaEk6jCdRdQ,Ariel,808
RgDVC3ZUBqpEe6Y1kPhIpw,Monica,804
h4oOQdnfjpEHbygEJDsFbg,John,804
M9rRM6Eo5YbKLKMG5QiIPA,Aileen,798
wTfb2nfzPIyFcYQArdPtuQ,Princess Candy Empire,782
o2Or6xqxeWaE46tdzK0UGg,Lisa,782
LMoK9BUP6Tgfc0AeDVbZHQ,Steff,774
kGbRvQ1iEQus_kJ_54RtZA,Doug,770
YwNLEnHC43zD6wSY2d-_rg,Florence,770
VTR-U9JZ4PdLqqJm2gJ5mw,Ariel,768
MmQv7nXo3EKVW6ZbFBZ08A,Holly,766
Wc5L6iuvSNF5WGBlqIO8nw,Risa,764
3gRfkaVcEWri-Ju7OQX7uQ,Dan,763
lv5TnHGfrSb_CIisOw0irg,Jay,758
6LmdYq-mhsaOXHjGh0lvQg,Yasaman,758
nzsv-p1O8gCfP3XijfQrIw,Anita,755
GHoG4X4FY8D8L563zzPX5w,Hannah,751
dxUhjUbLs5IZkn1V37Kp4A,Julie,750
OA-eps0MDNwnaThISWu-rw,Anna,749
Lzd7FTvMOvfg9WmR4MoNxg,Emily,749
yFY8wveTclT1mRQxWAEewA,Jennifer,748
qewG3X2O4X6JKskxyyqFwQ,Misti,741
RkfQX8dSJNzkAAItX326Og,Celine,740
lMY8NBPyzlPbbu-KBYfD9A,Christy,740
Oi1qbcz2m2SnwUeztGYcnQ,Steven,739
HXOfPXPMvdXNpQ_l0RRjKw,Jeffrey,739
hBicl52tMVsTecdZSVL-lQ,Leighann,738
A4bsa7ykYRVCnb4h2vZALw,Angela,737
gqL5KBs2oS7qobnyd99iKg,Stacy,728
sGJvx1MTsetDzsnrHfJHLg,Aaron,726
s8nkbQAlrVPfg1u4anGKtw,Kelly,720
-oI5PHKVRsWJzbBXJjIkEw,Jennifer,719
BmVwbsL8l0imz4slonyMaA,Morris,713
UlWDGR0QrBbdFsVY6ugocw,Aimee,713
mGHP3esQQqCEicHLRV-g5Q,Cara,711
hu53X0AgSKMt8UuHjp5ZLw,Dani,711
0nOIH8qIMnmZdLCTemnRsw,Jewelyn,710
Lu8y2ayxVlAzuJEVfVcH4w,Rebekah,710
4wp4XI9AxKNqJima-xahlg,Rachel,706
D4GfXGZ1x4qQJNUFLyN9OA,Fernanda,706
_NpJZ0q8KVI-d2YLL_VpCA,Jayme,704
-9I98YbNQnLdAmcYfb324Q,Amy,704
-G7Zkl1wIWBBmD0KRy_sCw,Gerald,703
TEtzbpgA2BFBrC0y0sCbfw,K,701
OgYi5x02MBukfxPNFe1ePg,Colleen,695
RQT9QoVcQd9gnKhayD5cUw,Akiko,690
KbLfnuqdsaIq8lB7vhwAVg,Anne,687
t3cu9DxXtGyaPIWNvPOXxA,Tiffany,687
gvOuN8PAUJHOfbO03dOgUA,Frances,685
A0j21z2Q1HGic7jW6e9h7A,Georgie,681
zUKeZNu4tCG56xjwWH54Vw,Bill,681
WeVkkF5L39888IPPlRhNpg,Kristian,681
Q9mA60HnY87C1TW5kjAZ6Q,Evelyn,680
WKIW7tWyMq7_XN0V2ouo0A,Rebecca,676
I-FmdvI28N7OIIt4JZOgIg,Tiffany,673
ZpUI9ze0YlA6nMSHwx3ZYQ,Derek,671
f-iREBx-5CznQjIMWmoOkw,Nick,671
7QZIAKmq_x8JEYDDSW801g,Kristie,671
Z88N6qly3Dp5C06XbZ9IMQ,Janice,670
-kLVfaJytOJY2-QdQoCcNQ,Christina,669
W81-CPVrM9c6F8XiNuEUvA,Van,669
G5LXEaxhQMF_BVjNHkVr7g,Nish,668
4ZfcCa4m5RWvO4EFzfYm1A,Eli,668
svFLKTgoPjO7nQu5bFxsdQ,Omar,665
C3Hpsx_eDfeSmxEc1HBzpA,Aaron,663
4paWpLov6LjpsNNgE1fhSg,Scotty,662
E43QxgV87Ij6KxMCHcijKw,Ruby,660
F_5_UNX-wrAFCXuAkBZRDw,Rodney,659
iN0A6QIrEFYoSGHFaknh8Q,Jennifer,655
PkNs-Rw6MHQfu6j5pBZMMw,Maria,651
ZnVPP4sofdkrgsoBGNCcqQ,Jon,649
3QnoTcrxuafMCoTzW_AH7A,Sari Marissa,646
r9Wii37p0kEDIUt2e2_LqQ,Randy,643
WALNtcSZlONK4Yj-o3pzKA,Dan,642
_KDforIDsQS6bIaJi0_V0g,Elysse,635
Hm0diOkWwpo9zotlJlqMUQ,May,634
PipGc4TdxurGizJ6CKmU7Q,Daniel,633
zKY6NM9CxxWxcY5JJXUB7g,Jacqueline,626
0V4Ra6jCmSAgFtCiORr4QA,Megan,623
tgxOMt72pALx3_r2uZ92tQ,Aileen,622
lrSlArehU8XqQlRNPQ7dbQ,Lauren,621
7sBZaqo57glRsFlWwuXnaA,Kimberley,620
8wKZ9gJYJtTdSVWgW7Or6Q,John,620
GSMBpnEny1cR12yPIwO0Dg,Cindy,619
pE_rKN0nhg1QRbr9dxiDew,Ivy,618
P6_r7O8zEjnxTSBkS6WYfg,Rho,617
PI51J_fKhEfZKhi-MjWBpg,Errol,616
TrU49Ydk2ZMjlh0rtOVj7g,J David,615
C7IFyEe9FTo89lhtwj88CQ,t.j.,615
Scmyz7MK4TbXXYcaLZxIxQ,Kayla,614
Ar3bat-NGasrXDiS7WF8OA,Nette,613
NOUfyJW-BAo_-Cbfo8edww,Lolia,611
YSfAlm6XNaym-JOrRjv3Tg,Kathleen,610
chG58EhXagCSvub2-a73RA,Porsche,609
ax7SnXOTIpatbsmqHLqVow,Rohlin,605
jhvreOViehq5zA4p2dgSVg,Giang-Tien,602
zvQ7B3KZuFOX7pYLsOxhpA,Ramona,602
zxF7vwh32ccSN3CbCMlalw,Kristina,601
6jjHo9Lilv3kTy87pm2ycw,Kaitlyn,600
URTnq_KYnZtKZOhPvAIlwQ,Samantha,599
EZmocAborM6z66rTzeZxzQ,Rob,599
7W-p-PJlmrzg0mk3pWKoyQ,Arshad,597
uCNgCZCuo07ew0sWPB1z7g,Nicola,596
f_1bRw8RuK-zZAKuUMTqNw,Loretta,596
WR6033peFiviFPzAV0yhJg,Dale,595
cqf8dqO5_QUxjfo6WiM7yg,Adena,593
sOzeK0dE0BYx4Mc8dmoenQ,Janet,589
XiLxIJThWsE0x4d0IeSPsg,Julie,588
BNuPibT74jf8Kp47bZb7DQ,Kevin,588
sIz02nAyQIrDtFavxZtfTQ,Robin,583
ckG7-tdMfxiukdA4jEnE1Q,Issabelle,581
nmqX1cxPOYHwql5e4U9LuA,Michelle,580
ez24d08Qyqb7mCKEuTaifQ,Daniel,580
CQUDh80m48xnzUkx-X5NAw,David,579
ZcFB7xOpJufgX9hHPFh9mQ,Bobbi,579
TLElemg3o3mlA4GGpupNiQ,Sam,578
6ce1NSAUt1Kr7efrLI8XQA,MICHELLE,578
u79JLmKzua7wxGxs1Q3Qkg,Alyssa,576
6tbXpUIU6upoeqWNDo9k_A,Ken,575
PAx6EkkOO19tvNtjuBzVgw,Sharr,575
trUFnQXasV8l2iJSzZKXrg,Denise,574
QLh66IrhezQBYKh9AOsGpg,Abigail,573
K74S1UK7QjAhWnkXIN0nhg,Jessalyn,572
RBZ_kMjowV0t6_nv2UKaDQ,Lindsey,572
D2epirooWNjvwTI6MFhNGw,Susy,571
BzLUyHSJrl-lUVWw9rqlvQ,George,571
qT1-N9hjbyjMW4Mvq4uU4w,Ginger,568
Z-1RtSKYQHmqEGpaphnygg,Rashmi,567
syvwUKQJ4OYfmL_ixVLMeQ,Tina,566
I-4KVZ9lqHhk8469X9FvhA,Susan,566
TFpLcrl9qVptIsoUrdLZAw,Philippine,564
4DyMRBKrokax6d8LCI3GAw,Richie,563
2p7rae7haJRDBgMLiS4bbA,Willis,562
QMqSgBqSrlRhz2B0UiORjw,Jessica,559
_BcWyKQL16ndpBdggh2kNA,Karen,558
YTu0c-1I9ECeksIgoHXFPA,Laura,558
Upa-u-26_RVnjoFsIimjaw,Carol,550
5UDpc2CMOgbf3GePS6SGVA,Christine,545
5tXRxr4T24Awl7vjyCvIcQ,Morgan,543
s84pefAbuXnkGXLGHDLDYA,Violet,542
DK57YibC5ShBmqQl97CKog,Karen,542
5Y5KbsI5buMcNh2hTFaRpA,Marcia,540
a4mO387_O77ebmv8AlQB3A,Dave,539
InInjzaZxzQ8_suxZEAP5g,Drew,537
bVthsfeUU3Bd5AeJLqKT-w,Flora,537
sgW7KBn12BaIhqQ_mixb2Q,Fernanda,535
o1_sfJ71nrq5QrF00v3Icw,Joe,533
7NV6kcM2Mq5qY1drWD7LIg,Barry,531
hj7o_BPgj-HdLAxdKqdx-w,Breanna,528
Lr-B-r-KF80yFy-2u336bw,Eugene,527
wZPizeBxMAyOSl0M0zuCjg,Jess,525
o0exBsBaHnS4O9SHjwwpOQ,Gary,524
qNVAPkw1aNyNKGiJzmgWZA,Adrienne,524
UVxY0iyPaqY7s4BSFtt-xA,Wanugee,522
EiwxlbR8fb68lMgEXhcWKA,Lorrie,521
CY9iLsE2z_yLhLqJdD1WGw,Anthony,521
73DZUFYAXuycbJ_eEAox1Q,Bradley,520
GB1wNOUbzMkI4kwoh2DtAQ,Mancow,519
PbmtoKdQ_Td9Ez_WwlEZig,Adam,518
4iiC79ROfWK0f4W8nThCrQ,Santiago,518
zK4R5IFl5aBqePPEd0fvxw,McKenzie,517
sraTrYU-7q_bQ0TxQrLJvQ,Brian,513
o4tYl3Hz0oDfpNn4k02DCw,Sandy,513
qWYEuBZP7av55tewg3PXKg,Mary Kate,513
gVO3VZwCu54Otc7bUB33Mg,Paul,513
PcgtOrx8nNChB__ccEPPDw,Andrew,511
BUB_t_Rvzs1yPEzZipkWjw,Laura,511
EDBTE8HMO-iN5hAi9B382A,Cindy,510
NrpzAH3EoNhWUR8OysUhBQ,Mary,508
RqR1bGDgdOPyHDnI73LeFw,Marc,508
s_FAHFKUl4YqNofYZC1NYg,Alana,506
DaV7jKNC9VuBM-0XTT2IgQ,Lori,504
jtkXg-OITT1Wvq0jCpLudA,Leah,504
nLubA27Qo3EgTnIEOgVvbQ,Denyce,502
OKX-V5j_qfuOebeHeWGrHg,Paul,499
daFmmMy1Jy1d6sVqMWSZgA,MarMar,498
JnGtgOPpkjyWOvWM0SYEXg,Hen,498
TNYM6vmcp1Nxibt7vsbx3g,Lisa,497
PcvbBOCOcs6_suRDH7TSTg,Juan,497
HCP1pR_44Pw5_BiWAp47-Q,Jen,497
IwHLuykqqmGVNHJ_UCwXWg,Marqus,495
lPNsKsD-HvdgkzfGq-Gjig,Andrew,492
2l0O1EI1m0yWjFo2zSt71w,Shiho,492
LNPyE5X1K5B_flcTCH9StQ,Ania,488
0juzbrgcLHqobdK-OZAyiw,Daniel,487
fjDC4nvFCx7So-oScD_ckQ,Anz,487
M9puGD3VU5FuhE60HklCvg,Ruth,487
m6RU5Ov4C1uMQRr3J0Fvfg,Joelle,483
WDpvs6U_TCx4799oxXcnag,Cassandra,483
RmXIjppHNtVveguN10iO1g,Kevin,483
EPK4_bIsyVlrlsLH3RClEQ,Maisha,480
h0TX3pcrn-0gyBWEkBj9rg,Abbey,479
cjotiAHFSbFuvbxTWmGi1Q,Ron,479
vTTd3ZT34-7pkxpW1zmVIw,Anna,478
iue7_9Cn_iXVD9hFOz64WQ,Leonard,475
LMPWMy_kvHjlUzVQ_9jz6A,Dung,472
E8RgeQeEF3xD6CcopTNjhA,Britt,472
THU0eXkboAWId-ZlWCMl2g,Julie,471
APoAugdz6nscL4HjF4Oryg,Allene,470
lConjPFTZqz4zWELK_EJtw,Keila,469
5Th9zs60z2V8eZFnk3lF3A,JiMmy,465
OS4I90fQ6PxkuqKhR_cACA,Rebecca,464
NT5PIrm_5PMIvhKThayOIg,Katey,462
kTpsjDUhl9BlRl0FVuNreA,Alisha,462
W3Z5K5Ks4PJHo_RFexaqdA,Wendy,462
MeDuKsZcnI3IU2g7OlV-hQ,Frank,462
WBw3oLgQKOWTrRxLUX7nlQ,Mona,460
nOv0AvP4doCU6Kg9ge-xFg,Amber,459
N__vP0SludJNCJxuDXNZ8A,Adam,458
ZbOK_2m4kifew3lzTep1yQ,Jaime,458
08mOpJRCpZe3D8UHszP4FA,Ann,457
PYbjreZpONNMp25uRSPB-A,Ken,457
o9WyNGlA76Sjk3JxkTX8JQ,Nancy,451
cEg_uFsiKy7cbwywAmEYxA,Patricia,450
LiNr0wVEsP2yDiR885VBow,May..Lene,450
jwbcs_eQ2QznrOyMuqz1LQ,Rachel,450
itXMelaTleEjLIFWCJtnwg,Christina,449
mlyWbiBf2l0fX_5pYL3rCA,Leeanna,449
Gppf1W0Bk9olxs1vplhmUg,Rob,449
DC-eUCITuotmQ1Fyl4-Jtg,Jennifer,447
kS1MQHYwIfD0462PE61IBw,Rob,445
HFECrzYDpgbS5EmTBtj2zQ,Eric,444
JN9u_i6GUzp6SbafK8XI-Q,Kim,443
xzWwfb0iVk4w8u1laXmuSg,Amy,442
dBxOG8V7Q6efnKgd3CzJ-w,Alan,442
gZHCbDOkHdHIk2d02FN3kw,Morgan,442
XYSDrIef7g4Gmp3lNFVO6A,Neal,442
IcdxwCBX6rNHwlcFJEVVtQ,Hilary,441
eW-IQGFyOcqg-aKuhxKf3g,Maria,441
n5NatlzIpc17OOvAFqujHA,Xerxes,441
4DVjcB5OjnxLyT6sQqX1_w,Michael,440
2HchhLgGj16aITZGVy0hqA,Yi,439
w9OZUPIoweoUYVbl1RwCMQ,Niki,438
j8m6Qn1aCwSYEBbXlVGgGA,Rod,438
wSByVbwME4MzgkJaFyfvNg,Bryant,438
Ymi6SLVPnCkSxUh6dcOq9Q,Kellie,437
8drMKNHWavs2g6uf0pLtvg,Charlene,437
A9RKvWz-as6hzSKS_xwVrw,Anh,436
rMsB82tk9uOB6JumPMgczg,Brett,436
QwY_IrZ7Xs4N1ksO6GUBOA,Matteo,434
IzJ36jX6V6ky5BtoN-Agng,Chun,433
xf_vN-BJHNccH8iUhPu4yg,Janney,433
d7D4dYzF6THtOx9imf-wPw,Regina,430
4COswap8Sp7OcVyn4C6mjA,Vincent,429
_owMBYfzT9dO7FXGXXzXqA,Liz,428
3mZrXEDBw4tZviWX0SDCoQ,Will,428
Ryxj0u0AW3mRsRypdYli2A,Arnel,428
t4RLfHlTiaC8zy15fnXG3w,Rumit,427
5BpJEC8YVi80ecWT5CtlfQ,Jenny,427
m5cBT7OYfn0HM0d-RCsdZQ,Miika,427
WNbVCtfq2lGMEwLDXyyd6A,Heejin,425
qlC607Cyp0Mj91vDFvkp3Q,Nicole,425
Wd4FRRD30avk-Mj6C_O2ow,Jacqueline,425
eyx42e79U0UEIqWabS1GEA,Simon,424
oyXIV-9GRBBZrFydPCaR2w,Candace,424
ct9B-lnP15W7hB-oqBMOlw,Tyler,423
0fcXVDi6zmRYs7t3hTpYkQ,Justin,423
_pBzBgtCTN9PNUPfgPDI8A,Trina,422
_Xp4Pr71Gfg2Q6qRQbubow,Kristian,420
ayN7C_U3AwBfWN7I3YVA_A,Yuki,420
Z8H2jOfwmeDOuU111hcUOQ,Jeenee,419
ICwMfseYkrB0ZEK8tDUOHw,Annie,415
Yjer78RnYr7OCzirgdcOaw,Louis,414
3jjiY5D7oIlKeiCIZGHQew,Nida,413
JapsODq2leyIn5JTgjOvkQ,Srini,413
cVrM2BvOvPV0Vi_rC8kepQ,Dan,412
dljv-oN3aBP6lzpReMR_Cg,Kate,412
8ZryN_S-n48g6rsa3W3QtQ,Dani,412
UQa9RqoJZWAawzqN-2pT2Q,Francine,410
wh4_AwDV2NSsZ-LEmNWffg,Winnie,410
dpU-IKue3D2zGFAwcsWVfQ,Stephanie,410
ITWi6Z_nZ8mmiSzpSUrDKg,Vy,410
tDYysNkQGmEm1iJONRfruw,Alejandra,409
Qo7qI5r1biiQLrmSpiqXpA,Adrienne,409
crg97ztpsfvf6VQ0y8Nx1A,Katie,409
wksNwM9LqVWnRYaM1is1fA,Gulfem,407
NO5e0WtLAOYcjheLU6OEVg,MarVy,406
2oNfIz8SOcUIclduAKXlwA,Glenn,406
sFXtnLPZGqhaTFgzI_eZJg,Beth,406
94H_GpNYcCeDvBP3XCmusA,Melanie,404
AX6_NL1_GTM2tcN9jn8mQw,Alice,404
zHWQe2LR1EgRSqvgO-A1ow,Sergio,404
0z6Bp7siNkijAsRUVbqQpw,Chelsea,403
JQIZhoQB-Tg9hdBEj90m4g,Joanna,403
k7V66MrZgcnDfdbNz7S5tg,Nine,402
0o8HUzggoNKay9-ZMj3HqQ,Sarah Jane,402
Mu6wz7_d6OBgRqkl4_NaXw,Kathleen,402
fafQY-OvIFOO0ail09Mvgg,Ann,401
bYENop4BuQepBjM1-BI3fA,Steven,401
ut5tH2ITDRUH5NQ9I9gdQg,Gigi,399
AIUh6T4TwHHSySN0lrHizg,Katarina,399
3KK7L2Q6NMfJA1Ky4Ntmdg,Ivy,399
OapLWhQI4_Gm32-nYbHmUA,Yee Gan,398
8qUQrDtH4X0h5zLHpR8uOw,Paula,398
JXt_vd2l_SkhFZdablieUg,Charlene,398
bvQ3ZUWc0LnbesxMtIl16w,Benjamin,397
PGEfEMmlKll90as7FrIdiA,Tess,397
wEjmxj1p9cftZcFKv7F33A,Alex,397
ohYnCSs6eTl7O6o3UySpgg,Patrick,397
FZNRzY6m67fhlnNE8XglTQ,S Alicia,396
53bZ_EsXH71L7iFs5MP9_w,Cynthia,396
HH7iiWvBqV-20lA7JlSRWQ,Lyla,395
P3usQcIegPCl-cdH4IDirg,Sean,395
xJpvRrk04rb4rgWtMXaPUQ,Kenny,395
ofeLGyYo5yACoVzahgExZg,Andrew,395
N82O-pWWp8xBJJH_UNJ0HA,Darci,392
tsMF0FcFcHZ8i28WzWtQXw,Susan,391
STu__7fJCZb0rZ1DQiX4Yw,Cris,391
4x3x0oGs9gcHCoQpqoI9hw,Carol,390
XTDvxqY6U6jMFvy_lq5o9g,Brenda,390
I9PpxV1JrGATW-u3gew3Ew,Will,388
T68PUOXE8kzjsDQbOYjjbg,Rachel,387
fIfKT5J7OWnr_sNP7VKkAw,Carl,387
eSU_HjKOA3Ppt8oS07oYkw,Eric,387
fr1Hz2acAb3OaL3l6DyKNg,Boon,387
jc3jhh2iQ1dPnT7rPI5xvg,Christopher,386
iNdj-vYPXmJ88LXPZqGpGA,Aaron,386
cD_hpkvErXCyQHBQzv8KYQ,Atif,385
KWlkb7nC1H6W873VZSy5gg,Connie,384
kFtpOzWygqAENd6oKrkefw,Marissa,384
l1I9od-xVGYfH1xtME2RJw,Sam,384
oeAhRa8yFa9jtrhaHnOyxQ,Rod,383
fHS0bQ-l5rHME_xXKQSYXQ,Kevin,383
yLW8OrR8Ns4X1oXJmkKYgg,Kimquyen,382
XBZ9P694Iem1371FBzcowA,Farzan,381
MEYWD3nf64p3INCsJ5KOaA,Al,379
3xBFFH866WoySDG7uuwBSQ,Tom,379
F7vgCzNV-cSGvTn4szQDuQ,Sam,379
Xw7ZjaGfr0WNVt6s_5KZfA,Marielle,379
1JlOo8MoX4e67l34aRulrg,Clarissa,377
yVwTKNsyh-QXbN9WVHEhww,Soo,376
ZYZNcugF3xUEGyLOVGiZ0Q,Carol,376
Dfv5SgDJQZ_LB_oqVW9OzQ,Gerry,376
7an-zIbFKvGxjpeNN9H9ow,Roland,376
2Gy7OX3zFVfNeeHLhmpzJw,Marian,375
1F-IPccT6oLshLicNT6aow,Your Mom's,375
MtDsCRx8tRZTN8V6YMtKLA,Orsolya,375
wzyGNvArcpUjZauRWFrKHA,Bill,375
c_1j2RMp_2jnWOEjlP9twQ,Libby,374
k5OG939EXRG0aDBN-7_G1w,Katy,373
Pn7isO6sB4-J8PYWfxbiRg,Isobel,373
XEMIP3q5MbFv6hw3UZnW6A,Tina,372
-_yEJzliiEXpzlAh2vf6pA,Roxanne,371
w7RP1MZad3YO7Vjgp3s3Dg,Claudine,370
LOLGcB8sZy0nQ91Q9ESe_w,Emily,370
GJovoapW2RNGa99tVYrCYQ,Gabby,369
yBpajT9TpzIpLtINu3Xl0w,Brent,369
mH5frU-FkhEkQ1ITa_fm5Q,Lexy,368
2ky6A9YKsyLs2saA3gjTIA,Arlene,368
aadVybdTbeVpSboTPCTjJQ,Tsz-Cheong,368
gysxDtJ1wr6NBv1Gvm7KxA,Leena,367
e7V5B3xq3rRNxmABwFKqVw,Kedar,367
exvJ7RESCp0eap6_tOFuJg,Lan,367
5ylIKMA-zoXZvH_-X26YOg,Chris,367
SVL1Oir45owS_oKg-ylqfw,Tara,366
tOTplIk838ZR1w1huTdX_Q,Gem,366
IpReaQYuXO_nB07xnkHuNw,Mary,365
-xr__Zqgwqhsfx0ThCn-ag,Brenda,365
KDewJBJknfWvQyHHFNbfdg,Jon,365
jVYzrVblDFSuL3GHtt8ZSA,Crystal,364
n7VTcg4-F94ziJ4eRERSdw,Marilu,363
X81sGji8rliPRunKBLfV3w,Nicole,363
rt3PC7WCgCKsoufmQJELfw,Teri,362
bQCHF5rn5lMI9c5kEwCaNA,Vincent,362
kVY32TrryLtfjTTHdWo_OA,Ky,361
-QXLsyAvrIqcjvxtDxxSfw,Bill,361
AvC5XQAElcGAAn_Wr5auEg,Benjamin,361
Wk3Ezdn1ChOPZYp7rkko8g,Carmen,360
FTDSgrB19TEwnqqH1mc3-A,DON,360
3WSgEXBS9SQkLg37rF9G3g,S,360
r5WO8TRsKL5N3A09JSsgRg,Luci,360
mjOKUSdIqxFPSYMB-MmS9g,Greshka,359
N61hkQVfKF0GXP3UIVnbWw,Rosie,359
I0p74B-gOmltMPObXz90mA,Diane,359
dy-R8LsSOzV8-b39XnVLAw,Megan,358
DOj9NanlJP3xntULCy5Uow,Chris,358
E_GAXhVA1_lVC2aFpMQElA,Alden,358
d_-ypwVYiP-DswClkAg8Iw,Anne Explores LA,356
hpw7UrWf51aaWKbaGGJ2hA,Justin,356
BRwdO0WuvAWstFF_I0wWiA,Nai,353
O3nhfuz6W4wlmIQgM_Oo2g,Tiff,353
PKEzKWv_FktMm2mGPjwd0Q,Norm,352
KMZDZqP__XpDKM_pqq6eYQ,Roger,352
cGok9ycGn_HvZaht9xkyPw,Jen,352
HYQoxBC1y1DGPq6pGP09Tw,Matt,351
c3xkFRo38JB7T0xgiPOEbw,Nadia,350
GuuV2dfGxO0ighs66RTmRg,Christina,349
UqkrP5O2ToeXRcYbp7okIA,Cassandra,349
Yj9TXFf1qNuIyVFT3EHzDA,Michelle,349
3CwMwbY9UgP-qvTDxNs_0g,Michele,348
0zDHiDbj79uBOy3OAcE25A,Maruko,348
c78V-rj8NQcQjOI8KP3UEA,Casey,348
_cpU0VVdQcfN5AnuL6M56A,Paige,347
uBAKGAq0NUyxQEcGI_fBGA,Roberta,346
yZ-vbhFPnhInlnxxEQyVdw,Robert,346
8lEywHSvti2UjFP8ODbnHg,Andrew,346
NIhcRW6DWvk1JQhDhXwgOQ,Lia,345
pb_gZKh68AlOIHLJ1KQ9Og,Ada,345
3-t_uaPKVQQmOUAIu7C-PA,Cesar,345
lWwlPEbkR-yUt057Oc_wjA,Brooke,344
X10L7g76uSwO0gZc2NdXAQ,Janet,344
j76MG5EUdUfBaxZCZGmuuA,Wendy,343
tbI8YO0O51Mrm_yIiD9Ptw,Ali,343
RqkZW5nVd5ESE-szZajz8w,Robbie,343
nj3syiLs3lABLtPVyL0ivA,Javier,342
AKU_tzrvCj70vNR7D6HTNw,Jessica,342
22m5bBC34daQXuGCPvpMAA,Kelly,342
aXpiHi7FW_wOIe7nGFRSDQ,Helen,341
kzDzdbPupHiglDzs9HD0vA,Albert,341
KO7CuK8p5u4AFGQ7voXe9g,Nikki,341
Ult681KMSYmgJZBGYlhFwg,Amy,341
2VOq1i2KHpVV5GLUAYfqSg,Karla,341
BmGKtjhYkFvMR13-RubrOQ,Mary,340
cgDZVtYICeiK5t1rkesamg,Hazel,340
ncAOj5Xz-XS6bpSnTWp3tQ,Austin,340
k_KUouz0T_baBSxXwzrPoQ,Tiffany,339
SNyINzzouTZkdETQ62aZsg,Kim,339
LkP5uU4ncr5MgNp8ercSCA,Annie,338
95GOfKoCDfeGkX2l8n8Lfw,Dominique,338
1mgMCuFjxk4XWr9J39lxOA,Robyn,338
mxlvv27pKSTWs8uNyEGmTA,Sherryl,338
0x9xu_b0Ct_6hG6jaxpztw,Crystal,337
hD2cBimP2kzbGX0vU7RA9A,Kim,337
1Edd8rwruLx-_m6LVRc0Yg,Oanh,337
4TCOItk-gIJROyNA5ftZ-Q,Alma,337
ZWmF-89aw23lSfhMBkbn1Q,Emerson,336
RhP4oyRMvxgYhSGHyJy_1w,Evan,336
hHgNg6u9P_Ym5wLXmnoBcw,Abby,336
fHqt_c3oDQ4ZWFzeOo4ezA,Terry,336
LIvR3XdUX-7VFwICd7dYRw,Sarah,336
0uEqdNTVj-I7zM83bbcgsg,Monica,336
eodLg-yycbuXUGMGy4P9Ug,Jenny,335
xIx619k3xJq_UwpSrWsyWg,Queenie,335
hT2Mw5m_SXBDVBuvA3KY-w,Christopher,335
-sg-8Z_pPd6bqLGrV31OFg,Cerena,334
_5ZU2jXJbffdKb7p1RvVfQ,Will,334
6rKtdosDQUptMW3dxHHviQ,Anna,334
xXFni1myxIQ-1n99R0bbvA,Andrea,334
DwaaafwryFbW7C4E1gU1AA,Donna,333
9TWgmxmhL_y5zF2s9S2TQA,Marie AK,333
4Qzu3MooyeO_vB-tNiQ1RQ,Christoph,332
ctXFXk9-m6PCMoI-Nz2_XQ,Janet,331
DT5JuPKzBEyJCN3EwZV9KQ,Amy,331
oeFiWvoOG0hpMOXXxblfyQ,Coty,331
-xDW3gYiYaoeVASXywTPgw,Ash,331
AZwB-4EujSPN94Bwx6XarA,Erika,331
ILvXe0EWKAH45eyUUxlv0g,Emily,331
AYQGK2AZkIPkrqgAb72Qkg,Alicia,331
wwmJ56OlvMC_Z8llXTd6mA,Emmalouise,330
574x3ezQTKDSsq37bi3HPw,Tim,330
qgXcgfdrk5tzmLBq4_h6mQ,Wayne,328
q1tg4-cLJWcy3HTEn9NlGQ,Jackie,328
VtiE3eXNYtH-tb0aFCF1Pw,Erik,328
0C65lVj_ujVYDs7b2yYBAA,David,327
UKtd-18nipvE8lxzL51gtA,Don,326
fExL6u06xTSg13k945IPAQ,Nicholas,326
_cUtxCvCccwgNJzD5I0cDA,Kyle,326
K7thO1n-vZ9PFYiC7nTR2w,Yelper,326
H4HPzkK0pCJ3vQqZccPrag,Anne,325
nhlXSTW453F3587FKo-Rsw,Gretel,325
xSRiaGxIL31fsNNXfo68rA,Eliza,325
8hvXl0oJmU61l17LG9aDag,Euge,324
GmQR50bIII7gDNRYEgfXfA,Tiffany,323
qUUMmANmVRuQxagzH8irhA,Raquel,323
bH3Uc0YNlnKubj8cT4nQ0w,Santi,322
Gfxb_D1k8tueAoGn4cseoA,Yuko,322
Z0yHptbS93271s_h6LJOMw,Alice,321
1F5wbSbtUBzxS8IsM7fWsA,Nicole,321
dHxvSPU6PZqX1LQRXajGDQ,Kimberly,320
DsHsuhUvyyW_75zFcJxkKw,Andrew,319
daYwff3kBqb5cD8aBZPrLA,Katie,319
Tqm7Wu7IBJ1td3Ab5ZpUhw,Brian,319
XEwEdPIjryudxfU098wapg,Charles,319
0kSXMbNFo7mdwTPj4iQv9A,Archie,319
fp_jkccrULRlEI4GTvYoSA,Jeannine,318
eSlOI3GhroEtcbaD_nFXJQ,Jason,318
9bvlW5Gos1kxzvcM3c-12w,Don,318
I2qJvA0tbGdZJ3XrwzwfzA,Ran,318
x3i1zNsZh9XmcG8WHYCTvA,Maria,318
b0pGpdBx44T-6FgalyYGHQ,Patricia,317
wd3xoNaDLib8dhQ7BxUl6g,Stacey,317
_-oTR-yaPtsgm5OGFFzr_g,Billy Joe,316
QJI9OSEn6ujRCtrX06vs1w,J,316
0PkCxX5PeubHdkOLnvSVaA,Chad,315
53-0CIUo-pd5ysfvHXb2yQ,Diana,314
HMp1Y1cSVHsIPClJBx_6lw,Love,314
NvUeb5G_mSSxgKhEE_Hueg,Jocy,314
TwPlaNvnziaN2wB3lk_9Mw,Cheri,314
wi9SvS7xCmKMyElJVlwJdg,Irene,314
IcQJ9Ewki9Bu0cR-D__pXg,Andreas,313
-TWmOCrqnTwfO5k04S3QrA,Ivy,312
ydIdyGQyO8eZe0yqgs0DfA,Mimi,312
PvSzDcag7vo1e5Zz7SkzMA,Chris,312
LhFzr2vZDEc2KNHxuiHtIw,Cat,312
dusl6MaLSfYbE83_iVO2KQ,Dawn,311
7vCCPqR9cJoy_AY0BkdyUg,Savanna,311
cBFgmOCBdhYa0xoFEAzp_g,Gregg,311
NeXRy1C7PxS7bvIcQ3SymA,Shannon,311
FyaI7g6aIMBYeMQHLGqPXg,Izzy,311
bXwZ86LHDjW2iEAQcPPDtQ,William,311
LNEXz0drBNtLHwrb1G-VPA,Lori,310
SIZOfo7jTjCXnL8ZtpM2aw,Lucy,310
LWwmuZJjI4jeB95fQGbG0Q,Shalini,310
9VJa4yxtnLct0pN_1RcD_w,Jordan,310
AE8nHSRPFlB4nh7CP8PlGQ,Tiffany,310
0G-bcpdR48tfZy6koGUiTQ,Rhea,310
mpi3nJkgX-mAuVgtsx1rAQ,Jacqueline,310
Dq_Jkpx4xpbh4iofayOr6g,Doreen,310
9E097uOiJYGgbnHpp-eP3w,American,309
1v2UxV8i_Ae64yxT17rRRg,Apple,309
R_TU6rLrlSOXTsSAlj5UKQ,Jack,308
13f_vtUZEmlzweL91bmVng,Michelle,308
i0pKlnWlnluziyJDAY2BDA,James,308
dsX3MiQiTy3OVI8MKn0I4w,Andy,307
xxL-DwwdT5VGvss9mCzOGg,Adam,307
8xev0Avovx_jp7LEw8JqvA,Joolie,307
tH0uKD-vNwMoEc3Xk3Cbdg,Cathy,307
-Tj4e-zW67MXj9Z7-Zkzpw,Mike,307
7IP8KOkPNncenRib2QVsLA,Jo Anne,307
7gDAcB7S_kHZUivuibjdVg,Jeffrey,306
0zVNLGyQ1PS_AQQUEJTN4A,Ben,306
hEmnh5y-_nTwdidamvylVw,Summer,305
fSVgD7-80h1KhcQ1lgIcFw,Abby,304
iJQtNnEcrxdpaD132v26nQ,Danah,304
ox8j0BRwYVVjNxFPosoJ3Q,Camilla,303
1eEebywy8Gz1isNpicNrFw,MsLisa,303
S3K8749ETyHsar5GztYFdw,Mylesha,303
-FZBTkAZEXoP7CYvRV2ZwQ,William,302
SRqtqW96nDIxtDM7qc1YGA,Jenni,302
sd4E5iKUZotDEeiF3cC81Q,Chena,301
B9NKJ-8-wZvWaKNVik1L1w,Tania,300
RtGqdDBvvBCjcu5dUqwfzA,Shila,300
fU0FHoGIdFRwb8oZXaVeSw,Brenda,300
BR8B09o2O6ZToOwXI1onrw,Bobby,299
K_dM0CZKjMi5SM9P8q5C8w,Reixa,299
wce0tudXf9BCeWhQRr0TiA,Darya,299
11aM2nkWZxGcUhoK9mGXdw,Paul,299
ens7LiIE4Cs4RjW5Mz65Mw,George,299
Zwj8T7RPoOpSJ5JcqPh4bg,Danny,298
ZD84600Tw1WqeKpVuNiKzg,Vivian,298
BluKSjMkVdWpC5ughexFDA,FakeFoodBabyNY,298
w0Gp4qYFLhB6PbKrPhn6Tw,Pamela,298
VbVjkDYXMzRzRur8_q5GUA,Angela A,298
ElZ2ELzuaSiVOX6d3XgKeQ,Michael,298
0l-6FG2dqWJIlQIBeERTyQ,Irina,297
YSb8JRyI75M8FkbYWLH4UA,FoodWanderer,297
qwONwL783a0hvPQl2TVWjg,Anthony,297
SYaAl8ra3rZnQ3lrDzIcYg,Ceren,296
V3XYG1zKuW8VUBNtjacoxA,Max,296
RZrs-ZNuyMyPKp7j5eJ40w,Bri,295
FVjmJWsjzed0yDGlOB0QqA,Cidne,295
41HLwXnR0Lm3NUp01cIOQg,Mona,295
nr35WjC-YI0dFcsnW33Szw,Virginia,295
sCpZilDWQslqVKk2xUJKQw,Kristina,295
sdpIz4-s15T239CZ4Bd6Ag,Darcy,295
kgKl_TSwiCJ3iX-g2VP0MQ,Gerald,294
JUT0U3HTSB3kz9Wh7N0GqA,Corey,294
F9vYcUknd9JY2lxsaEObQQ,Tanya,293
-9da1xk7zgnnfO1uTVYGkA,Fran,293
I979ktSBYN2OfxIT4ohZTA,Dago,293
nC4x02Sv0YYT9CV0UcMSxw,Dennis,292
0CKo5RHHoN6AI7vSMnKV_g,Timmy,292
EiT_pSuIb08oRn4CfwfMJg,Samantha,292
pOsSRzm0ZOXE9FcJ5pWxYg,Amy,292
X_gAnO_4ogbfqOgaf1pEWA,Aleana,292
FGmWx0hFD-h3YuTEql1x2Q,Kevin,292
Mm4xfYGnGcDLWIt32C59ag,Stephanie,291
5re8RQ-2-Mkz7LC4ftYfHw,Vivian,291
FDQpUh4pC3PAP9rfRuaXmQ,Heather,291
-B1Sbv33sB0q7XJGWYdBEQ,Theresa,291
pi1z1fB2kutuXcRFEwPIjQ,Sean,291
pF6b7enPFGUm7Esk0fMcoA,Ai Vy,290
sT2Vzu6_AYVjDnMQH6BC_g,Katrina,290
SeWsQoYPbQuMAqfRNNS6Jg,Doug,290
Kj-u8Yq1d3mLKitWsDAxpg,DJ,290
uih53bykBGPNn3Lv09ofkA,Luke,289
GqzoKYXv6F1O85bhywyoSA,Kathy,289
Agbv8YDkOE7V_ZfJseLVOA,Aunny,289
8RcEwGrFIgkt9WQ35E6SnQ,George,288
Y_iTTjKvV5hLy-880SZzlA,Ben,287
bJ5FtCtZX3ZZacz2_2PJjA,Bill,287
5gbkhlWANGVzQYi_0m3vOQ,Jess,286
zmr4gUzWiaPeEhIfeKXOvA,Scott,286
mDQhgesXXOKaDQW2o00sMg,Ron,286
sr-VYtoayw20Fg2qHDUu5w,Ajay,286
cCqhFQsFsQpZ9iOD7Lgh-g,Denise,286
Xwnf20FKuikiHcSpcEbpKQ,Kenneth,285
UKSw9kfoBfdatSMUl-jGnA,E,285
UGlYryF2DKbmBhTa7kq5WQ,Eileen,285
To0GTLW5MGZwOg5TxxZIQA,Ericka,284
2TwqTjcg_57gow6E7XSdWg,Cathy,284
lMLPQoeBq77bYxFvvcgvZA,Micki,284
VZNWqQD2V5jukp0sPcD2lw,Greg,284
jI5grCzPrcpYgqtNVygWRQ,Marko,283
NWKkrswnlRkSrqF1IzliDQ,Barrett,283
mV4lknblF-zOKSF8nlGqDA,Scott,283
INxvh4Rixsdfzh6PcWc_pw,Anne,283
ya3mbvTaymecfrTc08SxhQ,Angela,282
ibvH1Y7Rh_tstiWgH0OFTA,Veronica,282
R7C_PGUiBgJbIgXNkk1I1Q,Lala,281
MByYNutOWC938H_-MjyjoA,Scott,281
TKzFASCz7GLGUcwO1QG2jA,Tara,280
sDGwhNAQIubV36t_fex6VA,Jai,280
eUmVXP9UnoWtz9NSBwY4jA,phil,280
EGz1NDtgVbndCJ5R3F-stw,Craig,279
cKJ0r01eF7E-tYp2FQOyRA,Michelle,279
MiZ_ojckXyWbD1jcG09pog,Jeffery,279
ut0_rAUnJYkrAKQKHxbH5w,Emily,278
qjfMBIZpQT9DDtw_BWCopQ,Rachel,278
1h1DD2hgfgud7V4NCE9mVg,B,277
iqHbDGyKhZdjvbNx4s0hPg,Soo,277
n8h6SGjnMd90D7AUsizdPw,Spencer,277
8pONVRF4HDD9ynt5lCynTQ,Autumn,277
M1cMsRL4L7IUr9RILDywEQ,Matt,277
tmY-bMkC5p_T_Fi6zlHZ7Q,Cyrielle,277
ZMocFA2lNMJeiKjguUKu7g,Jack,276
IZ3K3X2PUUZI7x0yXmKMcQ,Frank,276
OHVhLKw_uIE7saIt_S-udw,Mike,276
AOsb45lNP7AzQwwWLUQxEg,Shanon,276
21wkkMppjxxLUS9xF9E5FQ,Stephanie,276
KVehpTNCERwMGAx-h9MR-A,Aaron,276
MX_sGTpLIQ0EOcvK73nRyA,Nam,275
Bbar1EB4JEviStEAqUEFOg,Sivilay,275
vkxKfc-S4X7AvlMSL64ngw,Danny,275
zUe6ERJ_jVDawBof4emCkQ,Alanna,275
eigZw_Tn4TWJPSZ9UO9Auw,Danielle,274
qFxytBrCr8jDpvKidZ2Vrw,Tiffany,274
dxzENIwnxH6wnc6zueYnVA,Azusa,274
FLMRT4tDE4VlM1wyDK5QGg,Hannah,274
tn6qogrDbb9hEKfRBGUUpw,Alissa,273
HQ24DSwYYtGgMKywVV36Og,Abbey,273
SrDqrIqZl-gtVYbINIxYoA,Susan,273
GwlrUwkULm4ZLN-Kum5nag,Ian,273
JKIkdVqAJLEXTq92gF98bA,Mike,273
9qxZWyZcgYZJqPTvWoWjBg,Stephanie,273
EMMzx-gGDKsU4enmbae6dw,Roy,273
hsu9lyXiAX5dQD4lLzYyyA,Fred,273
itI6CqeR92ikei1n86N5sg,Jeff,273
tw_UfR34h9a90PKhVu-WiQ,Tiffany,272
TqEOK7uxaXj7SbJZKEktxw,Steve,272
lufa4bHQd3XLYQE1zXis0g,Lisa,272
pn_flI3EBNugBEYFp9okxQ,Colanie,272
ayQYQSAAe45Zeeb2Bp4vgw,Monica,272
eIa4QJXp5ZNmuFORnuPvDA,Ziyan,270
tgTt8j-UCJyJxvK58yDA-g,Francesca,270
eYd1sygl0Thd2JRQTVgX5A,Mark,270
isIgfxN4EezltNageG2Tzw,Glenn,270
IL7s7BR8DuoOFwYYM6cZ7w,Peijean,270
Ase_kJIYuT6yOsqqVPuWUA,Teneha,270
MGrNMMePj0kw-6LIL1SflQ,Clara,270
tuikqq9JDDgIAwP3mhW76A,Frederick,269
yKjSyMKBIDtovONtNs7QpQ,Merica,269
jqWQN0GIjG1165G--R0JLw,Tracey,269
Yfd33F6wAas_X7X57yCNKQ,Catherine,269
GaWT2KIjIxfIBMgGIm7HGw,Ashley,269
PbWISrxPCOe7L7g7hboZnw,Geraldine,269
1lad9hCBGpHAS2uMSrKCPw,Monique,268
Kxr2DuTnGnsrftFcl-mu_g,Jim,268
_jLXrx6aCT9A0ZSHCj7nxg,Yuri,268
hzKQOJI8-7TM-BstJpSVCA,Amanda,267
1a60tzkZy_9iruwRZl9nyQ,Vanessa,267
vZ0Lfdf4RAWhMx7viX3UPw,Judy,267
BGzavA_ddMr-jGmhArv7fg,V.,267
qVc8ODYU5SZjKXVBgXdI7w,Walker,267
ux8wzgc8xEcnwExZWUY9Sg,Ericka,266
53dkR4-xyhjsCVHfrwiGaQ,Harmonie,266
QtT8tBXKhZI3Ehe4oUfbGw,Jennifer,266
QnRE07Ny1YytWBh2na4gNQ,Kat,266
XXDgvskDimCG3u95nglKBw,Ashley,265
ws0mjFrkanX_sXoUVRh8Uw,Kathy,265
G9D8fK_ffX1q9kO9i-6_KQ,Robin,264
tgeFUChlh7v8bZFVl2-hjQ,Steve,264
0r5ziLTmKo7YbGxDAL6XcQ,Christopher,264
TJMgOTcm2ShyOpablSYbXA,Christina,264
mkbx55W8B8aPLgDqex7qgg,Momo,263
GcdYgbaF75vj7RO6EZhPOQ,Kathleen,263
OIDpKC2p61qVO_spPqw1qA,Nicole,263
Tf1EmLLUZ2tlpOhaU2kvpg,Amanda,263
Zy3KuvFENmz2ZT2XtU7ZVg,VeeVee,263
AsUvXYx9ZVn3IMJmAIwhYw,Tiffany,263
ZBk_rQDvquYrgXtAN4hfQA,Tora,263
zwLq4aVDSH7HyMbVjKfkRg,David,262
T7UOTXOsi6ZdJkzy8czTMw,Fred,262
N4K69ZdyU-B8NzVYxwjK0A,Jay,261
d8KR5c1ievS0C53h4fhEeQ,Kevin,261
UwmtWzBdbi4AAJiuBrXrQA,Jennifer,261
XiVlH054UZ3A964ZIrBkPg,Devon,261
taU-uxYwYs3nywMkVm3ELQ,Amy,260
6xkY3nZJMYeNpyBvKoFloQ,Christine,260
XHuNSjrPA3Vyi7n4iVhZaQ,Maria,260
NGcH1lvIvrzgzCTPca3DEQ,Sidney,260
wM9RFY6H9MQQYfSUzdsIkQ,Nancy,260
nnImk681KaRqUVHlSfZjGQ,Carlos,259
zI4hbgy-8zXGRWAWz1t3mw,Zoie,259
-VOylYXNq7sG6As966yTxA,Paul,259
4jPsIgMZT4_Ks5-myaW9Bg,Edna,258
NOs3g2KLfNvuc9dDWy3syg,Howie,258
nAPU1-75Gqg71NGr_HosFA,Kathy,258
K8VSrOOCdXS9VX5S66W4GQ,Jamarcus,258
oXBhr-GbxjceT-g1UjBqLw,Melissa,257
FysDiqCS1fxxwC9PLHNqNg,Victoria,257
C6LV0p8L6IfBfh1YFRkWzQ,Elizabeth,257
gzE5dfmxNYj5y0fIJBVblQ,Conrad,257
w5bAI7USuCvyl8kZzj6sQw,Diana,257
aTVOFTxVdfdIhdPxcEt1Vg,Fenny,257
txu_KwZOGYG6O3yYHjztbg,Cheyne,257
1pzP58PeWictHQzctMU0nQ,Misty,256
wlP9LhYz3Z5_ZNoEP6fI9g,Maria,256
bpgbVPJcG-wQ4cNBcPPIxw,Monica,256
BZZKX1-LuWoruSstXPzanQ,Jaimee,256
ZaWbwSvAH5eOsQVxZ4wmLg,Lin,256
8aqzK4XXlSyukhzzgxOLaw,Samson,256
s16-BUo-orUsELvMu5ocKg,Josephine,255
rQrqrb5dFztAeFYwyqbygA,Caroline,255
FIDPP65G4FxtZfqt5HwWWg,Christine,255
m3FleKsUG-1UNqJsJZid9A,Jin,255
HI9m5UB77q6g3DzBds0TQw,Alexa,255
VHjR5F6mdnLrQcCb0nqCYg,Daniel,254
KtUS6HMhgIPHXuwwkwReEw,Kim,254
h7p-GuaHFGsiKCF4g6Bjqg,Alexis,254
-9bbDysuiWeo2VShFJJtcw,Cat,253
VPTrX6OZkXY_xe7JJZiXQw,Cheryl,253
bMGXNeeymFqyaISCKJjCkA,Debby,253
DH0U5bti1DSIFFEE_Rni3g,Michael,253
g8j2ci2FcvmocszcO6ypNw,Tom,253
9CUYUkGuboexlhG3QF6NZg,Eddie,253
ooHF-vRzlkyN9UEVMKocAQ,Mercedes,253
mDBAmEsyxuVTTT70dK-dqA,Elsie,253
cPcStFGBlk-6lWWsttIfVQ,Ee Vonn,253
0S6EI51ej5J7dgYz3-O0lA,Paul,253
0VZKEKo1wFTn_7wCvgVnJg,Doug,253
bPvtFRA3nr333FsyjQowZw,Ada,252
f5KxH3YahdmVBgS1axPoWg,Allison,252
4gZ_imYyUxdW6yVGokNs7g,Melineh,252
qbbCqdPbdkL2d_E9QeA2fw,Chun,252
UYcmGbelzRa0Q6JqzLoguw,Emily,252
noaCHAG27q5WWed2YnaYOg,Gregory,252
uI5Rve_2YWFrhX2rowdkUg,Jennifer,251
zkQi7B9b-yFbF8k2XSnDHQ,Matthew,251
argaX4ADH_Wczq2ZUPYLNw,Jerianne,251
NBJVYt7sO-2WDg3bPwBT0Q,Austin,251
jADYrYoufDWdcqN5TBKvZg,A Marie,251
-x1516ZG5GllZiBjDQlRkA,Rachel,251
GON8Ynfiro1jxnFoWD5jwQ,Chris,251
8jVT2inwc8GIQ6sH2UG9Vw,Jeff,250
VlyHGaMz3gbbQz5hytCeGA,Melissa,250
wXdbkFZsfDR7utJvbWElyA,Ken,250
2vFUeQGnG8zdLSQkwfChog,Mo,250
AaJ9d4OrFmgc4S_U2QiSZg,Steve,250
c2BbxDdn6QTy33682gQDvQ,Ju,250
evDmfYHbxqDAy8_27bAUNg,Laura,250
I_4cXopXxFr5B7adXZ1ruQ,Daniel,250
v9dR3sgGVVtKDQrWzdKPiw,Jessica,249
N9hqTPQu2bmI8c2Pj8F1ww,Sar,249
0tvCcnfJnSs55iB6mqPk3w,Daniel,249
Q2Iest8oggBub6nVBFEcNw,Wes,249
j1981ubRRPjeRTx9UkMJ5g,Richard,248
RO5cFdw9n4T3Xwk0tWvA7w,Denise,248
z9B25fKtfrxzUws_OOHJSQ,Janet,248
rr5zzVWVu0u-P5P1rHIV-Q,Liz,248
aHl-3UItyhhS9P40Nr9EaA,Monica,248
YHr-ijGyWQg3hsP-sEEl4A,Felix,248
JgSMZ6MUZGf38cSBajknww,Nina,248
UXbCcmkYGl3DH_Py5UOtbQ,Toni,247
l1K53D1s2BjVXCFGUFYVOA,Nima,247
qUGMYSGV24KD8QFCdGGIlQ,Alysia,247
3RPORizfUAhI9HS-Nd7RJA,Clara,247
zYFGMy1_thjMnvQLX6JNBw,Wanda,247
wlWNPP84F70It_l6OP2_mA,John,247
uEvusDwoSymbJJ0auR3muQ,Bunny,246
LFiLbQ6rNNjHS3mWwDmKEA,Vicki,246
hQYc90YPvI5WAhxUF4Bo5Q,Jeff,246
fCvMnJU1Z-XhAjKg99wK3Q,Michael,246
OXWEpw02Yq52_lFJ6c2Lbg,Melody,246
RndtjBHm41mIisU-oGeV1A,Annie,246
VjA1teP4BA2y9ZNzfihr0w,Pamela,245
PLCijWEcAk74aiYxHb_tYA,Roland,245
3UIa8YVjETNwJwnOl4SEdg,Vic,245
a4seSZMF9QxPBGAJ9MjaPw,Stephanie,245
AC2u8V_h3ep6ig3x6pRr6A,Jared,245
1xJwMqmvVXPwY7yEVQIc-A,Jacob,245
FvxgtHlYOS4Q_22omnk0OQ,Jannis,245
OnGeBXTYpnOtMJBLUqJDCg,Yasser,245
Z1GkmmyhHAG8Q1e_QEOGgw,Adam,244
WPl2gULxrrh_GoypMzHF-A,P,244
kW2dk1CWihmh3g7k9N2G8A,Shradha,243
ZIXaxKy4SSVisS7Zy252tg,Ashley,243
BQkC6RneYfvfG6wRe0hsvQ,Louisa,242
FUgNshC9iw1roEB4A_GNEQ,Maria,242
rkdE06BbheP4gEhb3ooH0w,Eric,242
LUiB72Pa35Re92_t0qnb4g,Keri,242
nnwBdqGHIAJQ5QX9lHOtrQ,Hank,242
3TW9UF4V_hBduHcBvUbDVw,Natasha,241
2z2A6ayPZmlVwZFK-uz60w,Gloria,241
jZva3shzpd7s8XCml_8AyA,Stephanie,241
_BHTC7nyCBoZcfiiD5cOXg,Gourmet,241
h4CvnY6SMdg_jEuupsp9jQ,Han,241
REnIBVutnk7CBmy8auVGqg,Robert,241
lquc6IF6uGIeRomDLu9UnA,Ron,241
U63YRWMbyS5yvSZfaoi9ZA,Tiffany,240
Z4o3yIkrLutOxLFr_1Xynw,David,240
Rhvt5HoMG7mayNd437Vm2w,Chrysanthemum,240
6VytXlGLnQnXXCrhvT0AJw,Libby,239
AgzHzIzC6ZHTKgker0egAg,Archie,239
T274tm_tY7pNWAo-4bB0Wg,Juliet,239
9FyBOjMNADDIWtGbWZPMQg,Linh,239
MI3wG3R12sQuTGdNvBBX3A,Yvonne,239
dfYNTBw--CYlZbFz581kYQ,Meghan,239
8zXgNCkusOHMwh5Tj_8yCQ,Wing,239
Anam0Ck1ZsFrA6FhVP-JEg,Mike,239
adKonsQWY64vJYglPotH5Q,Stefanie,239
yhJ1SVBSjC_R2viEh5AbUA,Jennifer,238
6dbxYDannyK-3j-3GcGZLg,Jennifer,238
KLoEkHgC5wrORHdPpPq70Q,Stefanie,238
jBdZdUys54BtL5R-_xNM_A,Jennifer C.,238
lyV2zgMrSux_s3byOozPPw,Elisa,238
WWWujmZ95y0a2RR5_kQ9sw,Curt,238
WG0kTEJJNfT1egnunxpsvQ,Ticha,238
CNdJaOdUjLIceVxhWcMNRA,Geoff,238
ObSXluQeEYiOP9l9muFlGQ,Bridget,238
m2R7pydiZ7vezHD-oZt6-g,Veronica,238
1GsJLHGsAJIpbTyRAULt4A,Candice,238
iT1AA74QFn_a0Xq9-ggSGA,John L.,237
w_zyLyhl58RJOtC5OSKAxQ,Michael,237
NZba-Q-Fp10iF77CTQt24Q,David,237
y8eBNwZy-bDxAlMxc2t7FQ,Jeff,237
7j7qRFmV3wLX85U37RW_0w,Jean,237
f8W2Qv9QosVaP-dRQwLEyw,Schel,237
m1AUK8tI19tUT_N3DMkyIQ,Chris,237
oSN3M4_WKdlTsnpgqPDiBg,Steph,237
R_g7nh8iT_qVUkjtb10gdA,Leah,237
g3HFkZgloxLQCvoJ5Zs5gg,Jana,236
fFKhHqwhENswtBQQGGhB9A,Rachel,236
10Xfhcdi9PZiYUoNbHn3jg,Maria,236
FjIu5bf6dPW7_V_-0Jg4kQ,Dee,236
GNVnNr52dHF5NpGJGXUWEA,Ada,236
zoyb93pskMhDgXZgv-DKtA,Kaori,236
qPx9RNEXlgb-fBchLePj1w,Ada,236
KHh28X_iuAkSUyUzXWa9cQ,Rony,236
pW9LvtC-hZ0PRAOUn7aZ2A,Matthew,236
cnQXH0wqMce-s8P5gnUO3Q,Aundra-Lyn,235
NE0Mx9NLNUi9eVUpM5v1Gw,Lainey,235
IxppblmNJu3RHOqxUihytw,Jennifer,235
Zl1fJNTzNULZiqBRShxUYA,John,235
o8Lo2pvM19nyYPBBycgSVg,Cydney,234
EycZjJS9DH2wNNPa3wbGIQ,Cliff,233
BDHDu2gEcRS6d4qz8yf7zg,Kevyne,233
QhYJx2jQdPuSq3fGe3aGcA,Lori,233
fG-K5NglgWxHg8PNu62afg,Brandon,233
0wYuREI8lQncPuDw5ztWIA,Ciara,232
a7B1ow3HSP32vA3WhZ7RpQ,Yenny,232
xc1opNkFCnAjsPXs7jqtfg,BostonBestEats,232
mD8T6tegVU9v06osh8W2sA,Bryanna,231
UTcvLszlrvXwTWCTn-4I1Q,Leona,231
GEmaBgrBPzUs92tUkIM2VA,Ter,231
ieGRxD5lUjMEEQSBqdXpEw,Courtney,231
taqZAz48zB6P0OyzHl9owQ,Luisa,231
kfAs5S1XGtZZyO0QCuXD_g,Greg,231
A06QtUzeJSiDW6MSWp3Jdg,Christy,231
SxVEA7yCAgIe-i-SsMbQkA,Alex,231
A3eAIFfkvfudRM9QeEaIJw,Imran,231
71p7Qmz3PNjfrMqpAzgK3Q,Carolina,231
wcQ_c6NvMmvplHUDor28zg,Angela F.,231
9df8KToLljo-v--Wke2W1w,Chelsea,231
kKTcYPz47sCDH1_ylnE4ZQ,Pegah,231
vFFcVgnYkhojaY0a2MEJAg,BananaSplit,231
mDvkSBth03eZtn-NjsWPXg,Ashley,231
GeamO3vL_HA4hb1WjtwaoQ,Jason,231
Z0nW1SR0Uva4fOaZzslLBQ,Jen,230
7fmAcPFBDbHWp8nxWVv2gg,Marissa,230
S1peqm0abyxbIJdu3TplUw,Brizylla,230
Xvv0P_0B57LoyGrVHGG_8A,Tiffany,230
aRFDw9Y03_ZyOA3zMMcMaw,Mary Ann,230
_1SKSmLqpHBqWh09DxQMfw,A.J.,230
qgLwRvE6JkK_KnbuT5AKmA,Marcus,229
sDjLntGYVuhp4FlKz33P_w,Cynthia,229
5mG2ENw2PylIWElqHSMGqg,John,229
TThz1MQ2SCb7L48MqoRoLw,Amanda,229
N--OQqLEjW24WHZrDfI_JQ,Dan,229
hg71CGHy9bwpgY8cGVVg4w,Alan,229
N_RiaNyUsSKNpryvVjLl_A,Rose,229
76vIFZcC7owykCBjMfGVXg,Amy,229
eniDHICq4FG2bNJXTJ9G7Q,Michael,229
